e_vGLK,e_vPGI,e_vGLYCO,e_vTreha,e_vPFK,e_vALD,e_vGAPDH,e_vPGK,e_vPGM,e_vENO,e_vPYK,e_vPDC,e_vSUC,e_vGLT,e_vADH,e_vG3PDH,e_vATP,Glyc,Trh,CO2,SUCC,GLCo,ETOH,GLY,F26BP,GLCi,G6P,F6P,F16P,TRIO,BPG,P3G,P2G,PEP,PYR,ACE,P,NAD,NADH,v_vGLK,v_vPGI,v_vGLYCO,v_vTreha,v_vPFK,v_vALD,v_vGAPDH,v_vPGK,v_vPGM,v_vENO,v_vPYK,v_vPDC,v_vSUC,v_vGLT,v_vADH,v_vG3PDH,v_vATP
1,1,1,1,1,1,1,1,1,1,1,1,1,1,1,1,1,0,0,1,0,50,50,0.15,0.02,0.098758692,1.033245614,0.112812815,0.60190764,0.777523537,0.000329574,0.356484038,0.044843711,0.073616842,8.523152464,0.170114452,6.308881638,1.545559767,0.044440233,88.14952688,77.34952688,6,2.4,77.34952688,77.34952688,136.4968074,136.4968074,136.4968074,136.4968074,136.4968074,136.4968074,3.640449265,88.14952688,129.2159089,18.20224632,84.53276406
1,1,1,1,1,1,1,1,1,1,1,1,1,1,1,1,1,0,0,1,0,50,25,0.15,0.02,0.086895182,1.283075973,0.156413251,0.652591273,0.814106599,0.000510258,0.424027459,0.05455119,0.099610766,9.380352776,0.136863408,6.76914786,1.55929513,0.03070487,88.92108899,78.12108899,6,2.4,78.12108899,78.12108899,141.5977934,141.5977934,141.5977934,141.5977934,141.5977934,141.5977934,2.928876926,88.92108899,135.7400395,14.64438463,96.03790102
