e_vGLK,e_vPGI,e_vGLYCO,e_vTreha,e_vPFK,e_vALD,e_vGAPDH,e_vPGK,e_vPGM,e_vENO,e_vPYK,e_vPDC,e_vSUC,e_vGLT,e_vADH,e_vG3PDH,e_vATP,CO2,GLCo,ETOH,GLY,F26BP,P,G6P,TRIO,NAD,ACE,P2G,BPG,GLCi,F6P,PEP,PYR,F16P,P3G,NADH,v_vGLK,v_vPGI,v_vGLYCO,v_vTreha,v_vPFK,v_vALD,v_vGAPDH,v_vPGK,v_vPGM,v_vENO,v_vPYK,v_vPDC,v_vSUC,v_vGLT,v_vADH,v_vG3PDH,v_vATP
1,1,1,1,1,1,1,1,1,1,1,1,1,1,1,1,1,1,50,50,0.15,0.02,6.308881638,1.033245614,0.777523537,1.545559767,0.170114452,0.044843711,0.000329574,0.098758692,0.112812815,0.073616842,8.523152464,0.60190764,0.356484038,0.044440233,88.14952688,77.34952688,6,2.4,77.34952688,77.34952688,136.4968074,136.4968074,136.4968074,136.4968074,136.4968074,136.4968074,3.640449265,88.14952688,129.2159089,18.20224632,84.53276406
1,1,1,1,1,1,1,1,1,1,1,1,1,1,1,1,1,1,14.01571635,50,0.15,0.02,5.928453505,0.795053765,0.696128325,1.545008008,0.163999111,0.036307482,0.000228026,0.097855621,0.079041355,0.05617171,7.226050916,0.484947668,0.293078495,0.044991992,82.78238562,71.98238562,6,2.4,71.98238562,71.98238562,126.4168664,126.4168664,126.4168664,126.4168664,126.4168664,126.4168664,3.509580973,82.78238562,119.3977044,17.54790486,75.63063762
1,1,1,1,1,1,1,1,1,1,1,1,1,1,1,1,1,1,24.1026266,50,0.15,0.02,6.147526918,0.918605855,0.74083081,1.54532476,0.167462872,0.04079281,0.000279609,0.098280135,0.096415037,0.065150153,7.910960917,0.547602227,0.326580155,0.04467524,85.83225896,75.03225896,6,2.4,75.03225896,75.03225896,132.1459907,132.1459907,132.1459907,132.1459907,132.1459907,132.1459907,3.583705452,85.83225896,124.9785797,17.91852726,80.69264158
