e_vGLK,e_vPGI,e_vGLYCO,e_vTreha,e_vPFK,e_vALD,e_vGAPDH,e_vPGK,e_vPGM,e_vENO,e_vPYK,e_vPDC,e_vSUC,e_vGLT,e_vADH,e_vG3PDH,e_vATP,CO2,GLCo,ETOH,GLY,F26BP,P,G6P,TRIO,NAD,ACE,P2G,BPG,GLCi,F6P,PEP,PYR,F16P,P3G,NADH,v_vGLK,v_vPGI,v_vGLYCO,v_vTreha,v_vPFK,v_vALD,v_vGAPDH,v_vPGK,v_vPGM,v_vENO,v_vPYK,v_vPDC,v_vSUC,v_vGLT,v_vADH,v_vG3PDH,v_vATP
1.0,1.0,1.0,1.0,1.0,1.0,1.0,1.0,1.0,1.0,1.0,1.0,1.0,1.0,1.0,1.0,1.0,1.0,50.0,50.0,0.15,0.02,6.3088816377706225,1.0332456136818131,0.7775235367088308,1.5455597670249495,0.1701144516135019,0.04484371111903233,0.00032957388691956085,0.09875869199168992,0.11281281458550198,0.07361684247063682,8.523152463551881,0.6019076395836983,0.35648403785929883,0.0444402329750504,88.14952688218199,77.34952688218199,6.0,2.4,77.34952688218205,77.349526882182,136.4968074417193,136.49680744171908,136.4968074417193,136.4968074417193,136.49680744171926,136.4968074417193,3.6404492645289404,88.149526882182,129.2159089126621,18.20224632264471,84.53276406095888
1.0,1.0,1.0,1.0,1.0,1.0,1.0,1.0,1.0,1.0,1.0,1.0,1.0,1.0,1.0,1.0,1.0,1.0,46.40157163499424,50.0,0.15,0.02,6.297137139009934,1.02406682263243,0.7747206327065986,1.545542448101246,0.16991778929404,0.04452187672923976,0.0003254964431502065,0.09871856929742602,0.111492548452669,0.07293266377675467,8.47474330776068,0.5976698968537565,0.35411941940558933,0.04445755189875378,87.97867495903972,77.17867495903971,6.0,2.4,77.17867495903972,77.17867495903971,136.17614646361704,136.17614646361673,136.1761464636171,136.17614646361713,136.17614646361702,136.17614646361713,3.6362406908924556,87.9786749590397,128.90366508183266,18.181203454462306,84.24998024558501
1.0,1.0,1.0,1.0,1.0,1.0,1.0,1.0,1.0,1.0,1.0,1.0,1.0,1.0,1.0,1.0,1.0,1.0,53.59842836500576,50.0,0.15,0.02,6.319061115112657,1.0413188121923393,0.77997158139312,1.5455748173118664,0.17028543173987995,0.045126515480226115,0.00033317151958186386,0.09879418379332201,0.1139749635273687,0.07421962073462723,8.565658040860118,0.6056208153256597,0.35856037679908054,0.04442518268813345,88.29790056445484,77.49790056445485,6.0,2.4,77.49790056445487,77.49790056445491,136.77525993274256,136.77525993274276,136.77525993274253,136.77525993274256,136.7752599327426,136.77525993274256,3.6441082392334305,88.29790056445486,129.4870434542753,18.220541196167147,84.77828577964165
