e_vGLK,e_vPGI,e_vGLYCO,e_vTreha,e_vPFK,e_vALD,e_vGAPDH,e_vPGK,e_vPGM,e_vENO,e_vPYK,e_vPDC,e_vSUC,e_vGLT,e_vADH,e_vG3PDH,e_vATP,CO2,GLCo,ETOH,GLY,F26BP,P,G6P,TRIO,NAD,ACE,P2G,BPG,GLCi,F6P,PEP,PYR,F16P,P3G,NADH,v_vGLK,v_vPGI,v_vGLYCO,v_vTreha,v_vPFK,v_vALD,v_vGAPDH,v_vPGK,v_vPGM,v_vENO,v_vPYK,v_vPDC,v_vSUC,v_vGLT,v_vADH,v_vG3PDH,v_vATP
1.0,1.0,1.0,1.0,1.0,1.0,1.0,1.0,1.0,1.0,1.0,1.0,1.0,1.0,1.0,1.0,1.0,1.0,50.0,50.0,0.15,0.02,6.3088816377706225,1.0332456136818131,0.7775235367088308,1.5455597670249495,0.1701144516135019,0.04484371111903233,0.00032957388691956085,0.09875869199168992,0.11281281458550198,0.07361684247063682,8.523152463551881,0.6019076395836983,0.35648403785929883,0.0444402329750504,88.14952688218199,77.34952688218199,6.0,2.4,77.34952688218205,77.349526882182,136.4968074417193,136.49680744171908,136.4968074417193,136.4968074417193,136.49680744171926,136.4968074417193,3.6404492645289404,88.149526882182,129.2159089126621,18.20224632264471,84.53276406095888
1.0,1.0,1.0,1.0,1.0,1.0,1.0,1.0,1.0,1.0,1.0,1.0,1.0,1.0,1.0,1.0,1.0,1.0,45.0,50.0,0.15,0.02,6.292059060345942,1.0201423372035723,0.7735157273525968,1.545534973970628,0.16983295331054934,0.04438416960086852,0.0003237572533058512,0.0987014920645761,0.11092839974287091,0.07264050236190751,8.454017772328985,0.5958526851732224,0.35310707678581027,0.04446502602937197,87.90491191455816,77.1049119145578,6.0,2.4,77.10491191455971,77.10491191455759,136.03769782488513,136.03769782489994,136.03769782488664,136.03769782488655,136.03769782488595,136.03769782486475,3.634425200845756,87.9049119145577,128.76884742328846,18.17212600423077,84.12787101727467
1.0,1.0,1.0,1.0,1.0,1.0,1.0,1.0,1.0,1.0,1.0,1.0,1.0,1.0,1.0,1.0,1.0,1.0,55.00000000000001,50.0,0.15,0.02,6.322668176007913,1.0442061336190411,0.7808432612167833,1.545580159508701,0.17034613692329426,0.04522760159978662,0.0003344607691987328,0.09880692132609169,0.11439079959469688,0.07443543321977995,8.580843855922009,0.6069456570087204,0.3593022066003266,0.04441984049129877,88.35054099120084,77.55054099120079,6.0,2.4,77.5505409912008,77.55054099120083,136.87404533160912,136.87404533160912,136.87404533160912,136.87404533160915,136.87404533160915,136.87404533160927,3.645407330158497,88.3505409912008,129.5832306712945,18.227036650792545,84.86537936018266
