e_vGLK,e_vPGI,e_vGLYCO,e_vTreha,e_vPFK,e_vALD,e_vGAPDH,e_vPGK,e_vPGM,e_vENO,e_vPYK,e_vPDC,e_vSUC,e_vGLT,e_vADH,e_vG3PDH,e_vATP,CO2,GLCo,ETOH,GLY,F26BP,P,G6P,TRIO,NAD,ACE,P2G,BPG,GLCi,F6P,PEP,PYR,F16P,P3G,NADH,v_vGLK,v_vPGI,v_vGLYCO,v_vTreha,v_vPFK,v_vALD,v_vGAPDH,v_vPGK,v_vPGM,v_vENO,v_vPYK,v_vPDC,v_vSUC,v_vGLT,v_vADH,v_vG3PDH,v_vATP
1.0,1.0,1.0,1.0,1.0,1.0,1.0,1.0,1.0,1.0,1.0,1.0,1.0,1.0,1.0,1.0,1.0,1.0,50.0,50.0,0.15,0.02,6.3088816377706225,1.0332456136818131,0.7775235367088308,1.5455597670249495,0.1701144516135019,0.04484371111903233,0.00032957388691956085,0.09875869199168992,0.11281281458550198,0.07361684247063682,8.523152463551881,0.6019076395836983,0.35648403785929883,0.0444402329750504,88.14952688218199,77.34952688218199,6.0,2.4,77.34952688218205,77.349526882182,136.4968074417193,136.49680744171908,136.4968074417193,136.4968074417193,136.49680744171926,136.4968074417193,3.6404492645289404,88.149526882182,129.2159089126621,18.20224632264471,84.53276406095888
1.0,1.0,1.0,1.0,1.0,1.0,1.0,1.0,1.0,1.0,1.0,1.0,1.0,1.0,1.0,1.0,1.0,1.0,50.0,0.0,0.15,0.02,7.595054258976128,2.4928903547180608,1.0662520179793664,1.5791649143810533,0.06683803572003047,0.13952753535131157,0.0026785174140975692,0.07193180480996586,0.37133709184069824,0.35867641841039577,11.629196214154106,1.0437541267822297,0.9905601930709276,0.010835085618946527,89.91319330355572,79.11319330355572,6.0,2.4,79.1131933035553,79.11319330355582,151.07471678506815,151.07471678507022,151.07471678506818,151.0747167850682,151.07471678506852,151.07471678506818,1.430333964408652,89.91319330355572,148.2140488562511,7.151669822043252,119.00171110539033
1.0,1.0,1.0,1.0,1.0,1.0,1.0,1.0,1.0,1.0,1.0,1.0,1.0,1.0,1.0,1.0,1.0,1.0,50.0,100.0,0.15,0.02,5.675552491305322,0.8365092345092026,0.7430355142575417,1.5225493904515692,0.2093651029274456,0.037071917235376145,0.0002105641356039442,0.12062078411014834,0.07955024383239896,0.05509175551007745,7.582243380599547,0.5538160215487473,0.3005782613991041,0.06745060954843063,86.76128809139017,75.9612880913902,6.0,2.4,75.96128809139017,75.96128809139014,129.52051016954368,129.52051016954374,129.5205101695437,129.52051016954366,129.5205101695437,129.52051016954368,4.480413202647335,86.76128809139018,120.5596837642488,22.40206601323667,69.99679134571768
