e_vGLK,e_vPGI,e_vGLYCO,e_vTreha,e_vPFK,e_vALD,e_vGAPDH,e_vPGK,e_vPGM,e_vENO,e_vPYK,e_vPDC,e_vSUC,e_vGLT,e_vADH,e_vG3PDH,e_vATP,CO2,GLCo,ETOH,GLY,F26BP,P,G6P,TRIO,NAD,ACE,P2G,BPG,GLCi,F6P,PEP,PYR,F16P,P3G,NADH,v_vGLK,v_vPGI,v_vGLYCO,v_vTreha,v_vPFK,v_vALD,v_vGAPDH,v_vPGK,v_vPGM,v_vENO,v_vPYK,v_vPDC,v_vSUC,v_vGLT,v_vADH,v_vG3PDH,v_vATP
1.0,1.0,1.0,1.0,1.0,1.0,1.0,1.0,1.0,1.0,1.0,1.0,1.0,1.0,1.0,1.0,1.0,1.0,50.0,50.0,0.15,0.02,6.3088816377706225,1.0332456136818131,0.7775235367088308,1.5455597670249495,0.1701144516135019,0.04484371111903233,0.00032957388691956085,0.09875869199168992,0.11281281458550198,0.07361684247063682,8.523152463551881,0.6019076395836983,0.35648403785929883,0.0444402329750504,88.14952688218199,77.34952688218199,6.0,2.4,77.34952688218205,77.349526882182,136.4968074417193,136.49680744171908,136.4968074417193,136.4968074417193,136.49680744171926,136.4968074417193,3.6404492645289404,88.149526882182,129.2159089126621,18.20224632264471,84.53276406095888
1.0,1.0,1.0,1.0,1.0,1.0,1.0,1.0,1.0,1.0,1.0,1.0,1.0,1.0,1.0,1.0,1.0,1.0,50.0,43.05252252813431,0.15,0.02,6.421531498152147,1.0828554081227681,0.7851452707363126,1.5491387665226357,0.16233880864209682,0.04674217745373882,0.00036246258431923723,0.09559171162152211,0.12140052941529139,0.07849888827407242,8.716125016210805,0.6124461882127181,0.3698535214084607,0.040861233477364145,88.35421906523065,77.55421906523067,6.0,2.4,77.55421906523068,77.5542190652307,137.73818560575697,137.73818560575702,137.73818560575697,137.73818560575694,137.73818560575694,137.73818560575694,3.474050504940872,88.35421906523065,130.79008459587473,17.370252524704348,87.27173106128909
1.0,1.0,1.0,1.0,1.0,1.0,1.0,1.0,1.0,1.0,1.0,1.0,1.0,1.0,1.0,1.0,1.0,1.0,50.0,56.94747747186568,0.15,0.02,6.204439356824082,0.9922207081197183,0.7709821843863729,1.5421076356152668,0.17711310939593147,0.04326694234754719,0.00030330771882277724,0.10186582247961022,0.10575331103260519,0.06965582760007981,8.352323355879824,0.592853036609636,0.34530503304511334,0.0478923643847331,87.94959753564466,77.14959753563802,6.0,2.4,77.14959753555952,77.149597535638,135.34809236591545,135.3480923656407,135.348092365935,135.34809236594506,135.34809236613867,135.3480923678328,3.7902205410729333,87.9495975356411,127.76765128489598,18.951102705381793,82.0361074962627
