e_vGLK,e_vPGI,e_vGLYCO,e_vTreha,e_vPFK,e_vALD,e_vGAPDH,e_vPGK,e_vPGM,e_vENO,e_vPYK,e_vPDC,e_vSUC,e_vGLT,e_vADH,e_vG3PDH,e_vATP,CO2,GLCo,ETOH,GLY,F26BP,P,G6P,TRIO,NAD,ACE,P2G,BPG,GLCi,F6P,PEP,PYR,F16P,P3G,NADH,v_vGLK,v_vPGI,v_vGLYCO,v_vTreha,v_vPFK,v_vALD,v_vGAPDH,v_vPGK,v_vPGM,v_vENO,v_vPYK,v_vPDC,v_vSUC,v_vGLT,v_vADH,v_vG3PDH,v_vATP
1.0,1.0,1.0,1.0,1.0,1.0,1.0,1.0,1.0,1.0,1.0,1.0,1.0,1.0,1.0,1.0,1.0,1.0,50.0,50.0,0.15,0.02,6.3088816377706225,1.0332456136818131,0.7775235367088308,1.5455597670249495,0.1701144516135019,0.04484371111903233,0.00032957388691956085,0.09875869199168992,0.11281281458550198,0.07361684247063682,8.523152463551881,0.6019076395836983,0.35648403785929883,0.0444402329750504,88.14952688218199,77.34952688218199,6.0,2.4,77.34952688218205,77.349526882182,136.4968074417193,136.49680744171908,136.4968074417193,136.4968074417193,136.49680744171926,136.4968074417193,3.6404492645289404,88.149526882182,129.2159089126621,18.20224632264471,84.53276406095888
1.0,1.0,1.0,1.0,1.0,1.0,1.0,1.0,1.0,1.0,1.0,1.0,1.0,1.0,1.0,1.0,1.0,1.0,24.10262660384395,50.0,0.15,0.02,6.147526917616255,0.9186058545261648,0.7408308100105888,1.5453247604836058,0.16746287160828963,0.04079280997451881,0.0002796093306659374,0.09828013469731511,0.09641503653082747,0.06515015290915309,7.910960917102122,0.5476022271191987,0.3265801553025982,0.04467523951639407,85.832258956582,75.032258956582,6.0,2.4,75.03225895658197,75.032258956582,132.14599065107708,132.14599065107737,132.14599065107706,132.14599065107703,132.14599065107717,132.14599065107706,3.583705452417398,85.83225895658201,124.97857974623965,17.918527262086908,80.69264157932042
1.0,1.0,1.0,1.0,1.0,1.0,1.0,1.0,1.0,1.0,1.0,1.0,1.0,1.0,1.0,1.0,1.0,1.0,75.89737339615606,50.0,0.15,0.02,6.360730857505389,1.0755512297100651,0.7901809314195957,1.5456368547484587,0.17099065826099996,0.046323309601430475,0.00034854529626151214,0.0989465845927574,0.11891167592126352,0.0767864925328756,8.745195718856715,0.6212257687707441,0.3673318476525195,0.04436314525154117,88.90810968889419,78.10810968889417,6.0,2.4,78.1081096888942,78.1081096888942,137.92021894386127,137.92021894386144,137.92021894386127,137.92021894386133,137.92021894386133,137.92021894386139,3.659200086785399,88.90810968889417,130.60181877029314,18.296000433927055,85.78741816279276
