e_vGLK,e_vPGI,e_vGLYCO,e_vTreha,e_vPFK,e_vALD,e_vGAPDH,e_vPGK,e_vPGM,e_vENO,e_vPYK,e_vPDC,e_vSUC,e_vGLT,e_vADH,e_vG3PDH,e_vATP,CO2,GLCo,ETOH,GLY,F26BP,P,G6P,TRIO,NAD,ACE,P2G,BPG,GLCi,F6P,PEP,PYR,F16P,P3G,NADH,v_vGLK,v_vPGI,v_vGLYCO,v_vTreha,v_vPFK,v_vALD,v_vGAPDH,v_vPGK,v_vPGM,v_vENO,v_vPYK,v_vPDC,v_vSUC,v_vGLT,v_vADH,v_vG3PDH,v_vATP
1.0,1.0,1.0,1.0,1.0,1.0,1.0,1.0,1.0,1.0,1.0,1.0,1.0,1.0,1.0,1.0,1.0,1.0,50.0,50.0,0.15,0.02,6.3088816377706225,1.0332456136818131,0.7775235367088308,1.5455597670249495,0.1701144516135019,0.04484371111903233,0.00032957388691956085,0.09875869199168992,0.11281281458550198,0.07361684247063682,8.523152463551881,0.6019076395836983,0.35648403785929883,0.0444402329750504,88.14952688218199,77.34952688218199,6.0,2.4,77.34952688218205,77.349526882182,136.4968074417193,136.49680744171908,136.4968074417193,136.4968074417193,136.49680744171926,136.4968074417193,3.6404492645289404,88.149526882182,129.2159089126621,18.20224632264471,84.53276406095888
1.0,1.0,1.0,1.0,1.0,1.0,1.0,1.0,1.0,1.0,1.0,1.0,1.0,1.0,1.0,1.0,1.0,1.0,48.658652102360136,50.0,0.15,0.02,6.304705135780165,1.0299650155404962,0.7765241704360711,1.5455536027867536,0.170044442378975,0.04472872201711138,0.0003281149956279533,0.09874432304782692,0.11234080922331939,0.07337217076600495,8.50586078451443,0.6003950088919409,0.35563938829571734,0.04444639721324628,88.08872888580457,77.28872888580456,6.0,2.4,77.28872888580464,77.28872888580459,136.38270243705892,136.38270243705858,136.38270243705884,136.3827024370588,136.38270243705878,136.3827024370588,3.638951066910065,88.08872888580457,129.10480030323558,18.19475533455024,84.43214283486826
1.0,1.0,1.0,1.0,1.0,1.0,1.0,1.0,1.0,1.0,1.0,1.0,1.0,1.0,1.0,1.0,1.0,1.0,51.341347897639864,50.0,0.15,0.02,6.312841634481644,1.036373131676265,0.7784737908041065,1.5455656173908552,0.17018090739467406,0.044953296565927614,0.00033096633223782495,0.09877241944419944,0.11326292587907047,0.07385024260670421,8.539626834443569,0.6033476565115196,0.35728877725172764,0.044434382609144674,88.2072148785568,77.4072148785568,6.0,2.4,77.40721487855686,77.40721487855677,136.60507266588343,136.60507266588326,136.60507266588343,136.60507266588343,136.6050726658834,136.60507266588328,3.6418714182460246,88.20721487855675,129.32132982939137,18.20935709123013,84.62822990166917
