e_vGLK,e_vPGI,e_vGLYCO,e_vTreha,e_vPFK,e_vALD,e_vGAPDH,e_vPGK,e_vPGM,e_vENO,e_vPYK,e_vPDC,e_vSUC,e_vGLT,e_vADH,e_vG3PDH,e_vATP,CO2,GLCo,ETOH,GLY,F26BP,P,G6P,TRIO,NAD,ACE,P2G,BPG,GLCi,F6P,PEP,PYR,F16P,P3G,NADH,v_vGLK,v_vPGI,v_vGLYCO,v_vTreha,v_vPFK,v_vALD,v_vGAPDH,v_vPGK,v_vPGM,v_vENO,v_vPYK,v_vPDC,v_vSUC,v_vGLT,v_vADH,v_vG3PDH,v_vATP
1.0,1.0,1.0,1.0,1.0,1.0,1.0,1.0,1.0,1.0,1.0,1.0,1.0,1.0,1.0,1.0,1.0,1.0,50.0,50.0,0.15,0.02,6.3088816377706225,1.0332456136818131,0.7775235367088308,1.5455597670249495,0.1701144516135019,0.04484371111903233,0.00032957388691956085,0.09875869199168992,0.11281281458550198,0.07361684247063682,8.523152463551881,0.6019076395836983,0.35648403785929883,0.0444402329750504,88.14952688218199,77.34952688218199,6.0,2.4,77.34952688218205,77.349526882182,136.4968074417193,136.49680744171908,136.4968074417193,136.4968074417193,136.49680744171926,136.4968074417193,3.6404492645289404,88.149526882182,129.2159089126621,18.20224632264471,84.53276406095888
1.0,1.0,1.0,1.0,1.0,1.0,1.0,1.0,1.0,1.0,1.0,1.0,1.0,1.0,1.0,1.0,1.0,1.0,47.4102626603844,50.0,0.15,0.02,6.300607572222903,1.026764155640521,0.775546504931073,1.5455475608842497,0.169975835360037,0.04461648744685877,0.0003266932475471489,0.0987303339285244,0.111880413351269,0.07313359533587294,8.488978429976175,0.598917022547227,0.35481474552999936,0.04445243911575014,88.02912375621071,77.22912375621068,6.0,2.4,77.22912375621073,77.2291237562107,136.27083312889744,136.2708331288971,136.27083312889744,136.27083312889746,136.27083312889735,136.2708331288974,3.6374828767047913,88.02912375621068,128.99586737548876,18.18741438352399,84.33348723855434
1.0,1.0,1.0,1.0,1.0,1.0,1.0,1.0,1.0,1.0,1.0,1.0,1.0,1.0,1.0,1.0,1.0,1.0,52.5897373396156,50.0,0.15,0.02,6.316347098612117,1.039155564521576,0.7793171784199898,1.5455708009615468,0.17023979736020065,0.045050760149880444,0.00033220647657676507,0.09878465560981367,0.11366347877232919,0.07405800993788533,8.554275006391823,0.6046271324511585,0.3580043220073719,0.044429199038453104,88.25831535442802,77.45831535442804,6.0,2.4,77.45831535442801,77.45831535442802,136.70097239131462,136.7009723913149,136.70097239131465,136.7009723913146,136.70097239131468,136.70097239131462,3.6431316635082935,88.25831535442805,129.4147090642984,18.21565831754147,84.71278741973998
