e_vGLK,e_vPGI,e_vGLYCO,e_vTreha,e_vPFK,e_vALD,e_vGAPDH,e_vPGK,e_vPGM,e_vENO,e_vPYK,e_vPDC,e_vSUC,e_vGLT,e_vADH,e_vG3PDH,e_vATP,CO2,GLCo,ETOH,GLY,F26BP,P,G6P,TRIO,NAD,ACE,P2G,BPG,GLCi,F6P,PEP,PYR,F16P,P3G,NADH,v_vGLK,v_vPGI,v_vGLYCO,v_vTreha,v_vPFK,v_vALD,v_vGAPDH,v_vPGK,v_vPGM,v_vENO,v_vPYK,v_vPDC,v_vSUC,v_vGLT,v_vADH,v_vG3PDH,v_vATP
1.0,1.0,1.0,1.0,1.0,1.0,1.0,1.0,1.0,1.0,1.0,1.0,1.0,1.0,1.0,1.0,1.0,1.0,50.0,50.0,0.15,0.02,6.3088816377706225,1.0332456136818131,0.7775235367088308,1.5455597670249495,0.1701144516135019,0.04484371111903233,0.00032957388691956085,0.09875869199168992,0.11281281458550198,0.07361684247063682,8.523152463551881,0.6019076395836983,0.35648403785929883,0.0444402329750504,88.14952688218199,77.34952688218199,6.0,2.4,77.34952688218205,77.349526882182,136.4968074417193,136.49680744171908,136.4968074417193,136.4968074417193,136.49680744171926,136.4968074417193,3.6404492645289404,88.149526882182,129.2159089126621,18.20224632264471,84.53276406095888
1.0,1.0,1.0,1.0,1.0,1.0,1.0,1.0,1.0,1.0,1.0,1.0,1.0,1.0,1.0,1.0,1.0,1.0,49.03465113555838,50.0,0.15,0.02,6.305898726245008,1.030900699826162,0.7768094801118809,1.5455553638281134,0.17006444178834634,0.044761523155169555,0.00032853091890766773,0.09874841811555989,0.11247541904390397,0.07344193959668002,8.510793828013908,0.6008266612735293,0.355880352140013,0.04444463617188643,88.1060995698125,77.30609956981246,6.0,2.4,77.30609956981243,77.30609956981249,136.41530386827185,136.41530386827205,136.4153038682719,136.41530386827193,136.41530386827196,136.41530386827196,3.6393790542706115,88.10609956981249,129.136545759732,18.19689527135308,84.46089237983642
1.0,1.0,1.0,1.0,1.0,1.0,1.0,1.0,1.0,1.0,1.0,1.0,1.0,1.0,1.0,1.0,1.0,1.0,50.96534886444163,50.0,0.15,0.02,6.311752449180846,1.035511261795729,0.7782121636153662,1.5455640077067152,0.1701626215411293,0.04492310105806326,0.0003305824483830838,0.09876863368810582,0.1131388732102826,0.07378590882908653,8.535087896456693,0.6029510187967635,0.35706705807121225,0.044435992293284654,88.19134391299198,77.39134391299199,6.0,2.4,77.39134391299197,77.39134391299196,136.57528732108312,136.57528732108312,136.57528732108315,136.57528732108318,136.57528732108312,136.57528732108312,3.6414801009801665,88.19134391299198,129.29232711912354,18.207400504900857,84.6019664122616
