,r,p-value,lower,upper
0.5x,0.5930241838933675,1.2379550936589412e-07,0.3897721791722826,0.7539199967271925
1.5x,0.4732221246707639,5.250385463536278e-05,0.2596348965407047,0.6602215356353331
