,r,p-value,lower,upper
0.5x-pr,0.16785714285714282,0.5498555542278019,-0.4893477532980646,0.7440934020275886
1.5x-pr,0.3571428571428571,0.19127476343157904,-0.19509959875590585,0.7859836694413744
0.5x-post,0.9178571428571428,1.4176968515006258e-06,0.7241253918495298,0.9890114912509791
1.5x-post,0.9892857142857142,2.9989342571550623e-12,0.9301092577147623,1.0
