e_vGLK,e_vPGI,e_vGLYCO,e_vTreha,e_vPFK,e_vALD,e_vGAPDH,e_vPGK,e_vPGM,e_vENO,e_vPYK,e_vPDC,e_vSUC,e_vGLT,e_vADH,e_vG3PDH,e_vATP,CO2,GLCo,ETOH,GLY,F26BP,P,G6P,TRIO,NAD,ACE,P2G,BPG,GLCi,F6P,PEP,PYR,F16P,P3G,NADH,v_vGLK,v_vPGI,v_vGLYCO,v_vTreha,v_vPFK,v_vALD,v_vGAPDH,v_vPGK,v_vPGM,v_vENO,v_vPYK,v_vPDC,v_vSUC,v_vGLT,v_vADH,v_vG3PDH,v_vATP
1.0,1.0,1.0,1.0,1.0,1.0,1.0,1.0,1.0,1.0,1.0,1.0,1.0,1.0,1.0,1.0,1.0,1.0,50.0,50.0,0.15,0.02,6.3088816377706225,1.0332456136818131,0.7775235367088308,1.5455597670249495,0.1701144516135019,0.04484371111903233,0.00032957388691956085,0.09875869199168992,0.11281281458550198,0.07361684247063682,8.523152463551881,0.6019076395836983,0.35648403785929883,0.0444402329750504,88.14952688218199,77.34952688218199,6.0,2.4,77.34952688218205,77.349526882182,136.4968074417193,136.49680744171908,136.4968074417193,136.4968074417193,136.49680744171926,136.4968074417193,3.6404492645289404,88.149526882182,129.2159089126621,18.20224632264471,84.53276406095888
1.0,1.0,1.0,1.0,1.0,1.0,1.0,1.0,1.0,1.0,1.0,1.0,1.0,1.0,1.0,1.0,1.0,1.0,50.0,50.0,0.09408609419527587,0.02,6.281967864262742,1.0208883005569036,0.7733111082942371,1.5460573628802365,0.17193911922391034,0.04442223106669321,0.000322454221925386,0.0995390553147614,0.11066833233616635,0.07254907609541478,8.478471430774315,0.5963868236369747,0.35350297126902164,0.04394263711976332,88.09923105973968,77.29923105973968,6.0,2.4,77.29923105973968,77.29923105973964,136.20097636252098,136.2009763625211,136.20097636252098,136.20097636252095,136.20097636252098,136.20097636252095,3.679497151391681,88.09923105973967,128.84198205973834,18.397485756958424,83.88550199999582
1.0,1.0,1.0,1.0,1.0,1.0,1.0,1.0,1.0,1.0,1.0,1.0,1.0,1.0,1.0,1.0,1.0,1.0,50.0,50.0,0.2059139058047241,0.02,6.334701206189705,1.0454885412444983,0.7816724086559784,1.545068619978633,0.16835123577621294,0.04525893376657755,0.0003366548338034301,0.09802054403146915,0.11494046315725559,0.07467475281582148,8.566496593071033,0.6073671094672844,0.3594160520889972,0.044931380021366873,88.19715327863784,77.3971532786377,6.0,2.4,77.39715327864107,77.39715327863757,136.78072432921917,136.7807243292388,136.7807243292201,136.78072432921988,136.7807243292174,136.78072432917872,3.6027164456109566,88.19715327863759,129.5752914380473,18.013582228056023,85.1562763187216
