e_vGLK,e_vPGI,e_vGLYCO,e_vTreha,e_vPFK,e_vALD,e_vGAPDH,e_vPGK,e_vPGM,e_vENO,e_vPYK,e_vPDC,e_vSUC,e_vGLT,e_vADH,e_vG3PDH,e_vATP,CO2,GLCo,ETOH,GLY,F26BP,P,G6P,TRIO,NAD,ACE,P2G,BPG,GLCi,F6P,PEP,PYR,F16P,P3G,NADH,v_vGLK,v_vPGI,v_vGLYCO,v_vTreha,v_vPFK,v_vALD,v_vGAPDH,v_vPGK,v_vPGM,v_vENO,v_vPYK,v_vPDC,v_vSUC,v_vGLT,v_vADH,v_vG3PDH,v_vATP
1.0,1.0,1.0,1.0,1.0,1.0,1.0,1.0,1.0,1.0,1.0,1.0,1.0,1.0,1.0,1.0,1.0,1.0,50.0,50.0,0.15,0.02,6.3088816377706225,1.0332456136818131,0.7775235367088308,1.5455597670249495,0.1701144516135019,0.04484371111903233,0.00032957388691956085,0.09875869199168992,0.11281281458550198,0.07361684247063682,8.523152463551881,0.6019076395836983,0.35648403785929883,0.0444402329750504,88.14952688218199,77.34952688218199,6.0,2.4,77.34952688218205,77.349526882182,136.4968074417193,136.49680744171908,136.4968074417193,136.4968074417193,136.49680744171926,136.4968074417193,3.6404492645289404,88.149526882182,129.2159089126621,18.20224632264471,84.53276406095888
1.0,1.0,1.0,1.0,1.0,1.0,1.0,1.0,1.0,1.0,1.0,1.0,1.0,1.0,1.0,1.0,1.0,1.0,50.0,50.0,0.0,0.02,6.233985778394594,0.9998213622117911,0.76606475548161,1.5469099305161762,0.1751585044567123,0.04369777165377263,0.00031037999824325293,0.10095853749359708,0.10702004768495928,0.07072854001941266,8.4000405674675,0.5869416491737081,0.348367136476422,0.043090069483823656,88.00788585411769,77.20788585411769,6.0,2.4,77.20788585411782,77.20788585411778,135.67381173136712,135.67381173136712,135.673811731367,135.67381173136712,135.67381173136715,135.67381173136715,3.748391995373643,88.00788585411769,128.17702774061968,18.74195997686822,82.73828377300434
1.0,1.0,1.0,1.0,1.0,1.0,1.0,1.0,1.0,1.0,1.0,1.0,1.0,1.0,1.0,1.0,1.0,1.0,50.0,50.0,0.3,0.02,6.375874277079583,1.0658446681470584,0.7885229687191078,1.5442560864529025,0.16551375712786834,0.04594447670027407,0.0003484882443798668,0.09686432990271883,0.11848421592771959,0.07643401447041136,8.636615823383526,0.6164299335061767,0.36424679606572,0.04574391354709739,88.27185461137707,77.47185461137711,6.0,2.4,77.47185461137697,77.47185461137704,137.23373721007226,137.2337372100729,137.23373721007223,137.2337372100723,137.23373721007243,137.23373721007226,3.5419944025363823,88.2718546113771,130.14974840499883,17.709972012681916,86.15578758724477
