e_vGLK,e_vPGI,e_vGLYCO,e_vTreha,e_vPFK,e_vALD,e_vGAPDH,e_vPGK,e_vPGM,e_vENO,e_vPYK,e_vPDC,e_vSUC,e_vGLT,e_vADH,e_vG3PDH,e_vATP,CO2,GLCo,ETOH,GLY,F26BP,P,G6P,TRIO,NAD,ACE,P2G,BPG,GLCi,F6P,PEP,PYR,F16P,P3G,NADH,v_vGLK,v_vPGI,v_vGLYCO,v_vTreha,v_vPFK,v_vALD,v_vGAPDH,v_vPGK,v_vPGM,v_vENO,v_vPYK,v_vPDC,v_vSUC,v_vGLT,v_vADH,v_vG3PDH,v_vATP
1.0,1.0,1.0,1.0,1.0,1.0,1.0,1.0,1.0,1.0,1.0,1.0,1.0,1.0,1.0,1.0,1.0,1.0,50.0,50.0,0.15,0.02,6.3088816377706225,1.0332456136818131,0.7775235367088308,1.5455597670249495,0.1701144516135019,0.04484371111903233,0.00032957388691956085,0.09875869199168992,0.11281281458550198,0.07361684247063682,8.523152463551881,0.6019076395836983,0.35648403785929883,0.0444402329750504,88.14952688218199,77.34952688218199,6.0,2.4,77.34952688218205,77.349526882182,136.4968074417193,136.49680744171908,136.4968074417193,136.4968074417193,136.49680744171926,136.4968074417193,3.6404492645289404,88.149526882182,129.2159089126621,18.20224632264471,84.53276406095888
1.0,1.0,1.0,1.0,1.0,1.0,1.0,1.0,1.0,1.0,1.0,1.0,1.0,1.0,1.0,1.0,1.0,1.0,50.0,50.0,0.1485,0.02,6.308174244462375,1.0329156204473335,0.7774113816929672,1.5455730307442155,0.17016258400994358,0.04483248744819253,0.00032938340326920274,0.0987790592691171,0.1127555070721744,0.07358832855658978,8.5219716046028,0.6017603589741426,0.35640471860029377,0.044426969255784377,88.14821346459817,77.34821346459815,6.0,2.4,77.34821346459816,77.3482134645982,136.48903044013232,136.48903044013244,136.48903044013235,136.48903044013232,136.48903044013238,136.48903044013235,3.6414792978127926,88.14821346459816,129.2060718445071,18.20739648906398,84.51571675981717
1.0,1.0,1.0,1.0,1.0,1.0,1.0,1.0,1.0,1.0,1.0,1.0,1.0,1.0,1.0,1.0,1.0,1.0,50.0,50.0,0.1515,0.02,6.309588244050318,1.03357552462636,0.7776356460151547,1.545546507945647,0.17006636342537257,0.04485493028875607,0.000329764342719198,0.09873835506939042,0.11287010998733217,0.073645349294615,8.524332360784431,0.6020548760786044,0.3565633218339863,0.044453492054352894,88.15083838024871,77.3508383802487,6.0,2.4,77.35083838024873,77.35083838024866,136.50457587398253,136.50457587398242,136.50457587398256,136.5045758739826,136.50457587398253,136.50457587398256,3.6394201773029726,88.1508383802487,129.22573551937663,18.19710088651486,84.54979427825577
