e_vGLK,e_vPGI,e_vGLYCO,e_vTreha,e_vPFK,e_vALD,e_vGAPDH,e_vPGK,e_vPGM,e_vENO,e_vPYK,e_vPDC,e_vSUC,e_vGLT,e_vADH,e_vG3PDH,e_vATP,CO2,GLCo,ETOH,GLY,F26BP,P,G6P,TRIO,NAD,ACE,P2G,BPG,GLCi,F6P,PEP,PYR,F16P,P3G,NADH,v_vGLK,v_vPGI,v_vGLYCO,v_vTreha,v_vPFK,v_vALD,v_vGAPDH,v_vPGK,v_vPGM,v_vENO,v_vPYK,v_vPDC,v_vSUC,v_vGLT,v_vADH,v_vG3PDH,v_vATP
1.0,1.0,1.0,1.0,1.0,1.0,1.0,1.0,1.0,1.0,1.0,1.0,1.0,1.0,1.0,1.0,1.0,1.0,50.0,50.0,0.15,0.02,6.3088816377706225,1.0332456136818131,0.7775235367088308,1.5455597670249495,0.1701144516135019,0.04484371111903233,0.00032957388691956085,0.09875869199168992,0.11281281458550198,0.07361684247063682,8.523152463551881,0.6019076395836983,0.35648403785929883,0.0444402329750504,88.14952688218199,77.34952688218199,6.0,2.4,77.34952688218205,77.349526882182,136.4968074417193,136.49680744171908,136.4968074417193,136.4968074417193,136.49680744171926,136.4968074417193,3.6404492645289404,88.149526882182,129.2159089126621,18.20224632264471,84.53276406095888
1.0,1.0,1.0,1.0,1.0,1.0,1.0,1.0,1.0,1.0,1.0,1.0,1.0,1.0,1.0,1.0,1.0,1.0,50.0,50.0,0.10975956307080413,0.02,6.289627003936912,1.024364070117063,0.7744986129926084,1.5459172149305143,0.17142123378314325,0.04454103120193899,0.0003244540019041631,0.09931583284689864,0.11127119472117245,0.07284941146426378,8.491135565535902,0.5979409087740158,0.3543437309973127,0.0440827850694856,88.11361244894398,77.313612448944,6.0,2.4,77.31361244894399,77.31361244894397,136.28515288309165,136.28515288309188,136.28515288309165,136.28515288309165,136.2851528830917,136.28515288309165,3.6684144029592654,88.113612448944,128.94832407717365,18.342072014796347,84.06942325645824
1.0,1.0,1.0,1.0,1.0,1.0,1.0,1.0,1.0,1.0,1.0,1.0,1.0,1.0,1.0,1.0,1.0,1.0,50.0,50.0,0.19024043692919584,0.02,6.327569688937478,1.0420679225507858,0.7805155523290154,1.5452056588635998,0.16883949210537552,0.04514315081010919,0.00033467372290176765,0.09822340721477348,0.11434571669062918,0.0743791696738617,8.55447706650113,0.6058426085924563,0.3585989444143687,0.04479434113640002,88.18405925933138,77.38405925933138,6.0,2.4,77.3840592593314,77.38405925933132,136.70229286338756,136.70229286338727,136.70229286338756,136.70229286338756,136.7022928633875,136.70229286338753,3.613165131055036,88.18405925933136,129.47596260127813,18.065825655275198,84.98380668389221
