e_vGLK,e_vPGI,e_vGLYCO,e_vTreha,e_vPFK,e_vALD,e_vGAPDH,e_vPGK,e_vPGM,e_vENO,e_vPYK,e_vPDC,e_vSUC,e_vGLT,e_vADH,e_vG3PDH,e_vATP,CO2,GLCo,ETOH,GLY,F26BP,P,G6P,TRIO,NAD,ACE,P2G,BPG,GLCi,F6P,PEP,PYR,F16P,P3G,NADH,v_vGLK,v_vPGI,v_vGLYCO,v_vTreha,v_vPFK,v_vALD,v_vGAPDH,v_vPGK,v_vPGM,v_vENO,v_vPYK,v_vPDC,v_vSUC,v_vGLT,v_vADH,v_vG3PDH,v_vATP
1.0,1.0,1.0,1.0,1.0,1.0,1.0,1.0,1.0,1.0,1.0,1.0,1.0,1.0,1.0,1.0,1.0,1.0,50.0,50.0,0.15,0.02,6.3088816377706225,1.0332456136818131,0.7775235367088308,1.5455597670249495,0.1701144516135019,0.04484371111903233,0.00032957388691956085,0.09875869199168992,0.11281281458550198,0.07361684247063682,8.523152463551881,0.6019076395836983,0.35648403785929883,0.0444402329750504,88.14952688218199,77.34952688218199,6.0,2.4,77.34952688218205,77.349526882182,136.4968074417193,136.49680744171908,136.4968074417193,136.4968074417193,136.49680744171926,136.4968074417193,3.6404492645289404,88.149526882182,129.2159089126621,18.20224632264471,84.53276406095888
1.0,1.0,1.0,1.0,1.0,1.0,1.0,1.0,1.0,1.0,1.0,1.0,1.0,1.0,1.0,1.0,1.0,1.0,50.0,45.0,0.15,0.02,6.3890264783680735,1.067915559812488,0.7828787332231791,1.5481211583112722,0.1646065782000593,0.046170701835849266,0.0003524227613905796,0.09648667919971353,0.11880928409888476,0.07701708298358567,8.659458385479816,0.6093127743315608,0.3658387945659134,0.041878841688727686,88.29628075291394,77.49628075291393,6.0,2.4,77.49628075291402,77.49628075291395,137.37965763842163,137.37965763842155,137.37965763842163,137.3796576384216,137.37965763842166,137.37965763842158,3.522580773481269,88.29628075291396,130.33449609145842,17.612903867406317,86.47643067709018
1.0,1.0,1.0,1.0,1.0,1.0,1.0,1.0,1.0,1.0,1.0,1.0,1.0,1.0,1.0,1.0,1.0,1.0,50.0,55.00000000000001,0.15,0.02,6.2329772759384605,1.0029984706093025,0.7727247852019656,1.5430639128857324,0.1752209672841862,0.04368226579885819,0.00031013008611830177,0.10099981287874539,0.10760365107373229,0.07069038648300117,8.398274080689069,0.5952666381430669,0.34825663766220993,0.046936087114267444,88.0052324949719,77.20523249497191,6.0,2.4,77.20523249497195,77.20523249497187,135.661821490536,135.66182149053566,135.66182149053589,135.66182149053597,135.66182149053586,135.6618214905359,3.7497286998815844,88.0052324949719,128.1623640907701,18.748643499407848,82.71426319160166
