e_vGLK,e_vPGI,e_vGLYCO,e_vTreha,e_vPFK,e_vALD,e_vGAPDH,e_vPGK,e_vPGM,e_vENO,e_vPYK,e_vPDC,e_vSUC,e_vGLT,e_vADH,e_vG3PDH,e_vATP,CO2,GLCo,ETOH,GLY,F26BP,P,G6P,TRIO,NAD,ACE,P2G,BPG,GLCi,F6P,PEP,PYR,F16P,P3G,NADH,v_vGLK,v_vPGI,v_vGLYCO,v_vTreha,v_vPFK,v_vALD,v_vGAPDH,v_vPGK,v_vPGM,v_vENO,v_vPYK,v_vPDC,v_vSUC,v_vGLT,v_vADH,v_vG3PDH,v_vATP
1.0,1.0,1.0,1.0,1.0,1.0,1.0,1.0,1.0,1.0,1.0,1.0,1.0,1.0,1.0,1.0,1.0,1.0,50.0,50.0,0.15,0.02,6.3088816377706225,1.0332456136818131,0.7775235367088308,1.5455597670249495,0.1701144516135019,0.04484371111903233,0.00032957388691956085,0.09875869199168992,0.11281281458550198,0.07361684247063682,8.523152463551881,0.6019076395836983,0.35648403785929883,0.0444402329750504,88.14952688218199,77.34952688218199,6.0,2.4,77.34952688218205,77.349526882182,136.4968074417193,136.49680744171908,136.4968074417193,136.4968074417193,136.49680744171926,136.4968074417193,3.6404492645289404,88.149526882182,129.2159089126621,18.20224632264471,84.53276406095888
1.0,1.0,1.0,1.0,1.0,1.0,1.0,1.0,1.0,1.0,1.0,1.0,1.0,1.0,1.0,1.0,1.0,1.0,50.0,31.362031398425295,0.15,0.02,6.635366602503921,1.1960950696003583,0.8017472532348572,1.5555386689419783,0.1469331527884351,0.05110569387432599,0.0004427699288257287,0.09006128108458077,0.14114989020569274,0.09011770437366882,9.111064083316608,0.6354197842179626,0.4002658849022334,0.034461331058021516,88.7138945187738,77.91389451877384,6.0,2.4,77.91389451877362,77.9138945187738,140.10594168918513,140.10594168918558,140.10594168918516,140.10594168918513,140.10594168918516,140.10594168918513,3.144369469672511,88.71389451877384,133.81720274984042,15.721847348362578,92.60661646213251
1.0,1.0,1.0,1.0,1.0,1.0,1.0,1.0,1.0,1.0,1.0,1.0,1.0,1.0,1.0,1.0,1.0,1.0,50.0,68.63796860157471,0.15,0.02,6.043475711922002,0.9367828046624715,0.7616963582191802,1.5365269467881744,0.18749909949296048,0.04111121983737579,0.0002690565730183828,0.1070051762648489,0.09629435047988563,0.06439461045097314,8.102561086913003,0.5799635642848481,0.32989750412495794,0.053473053211825494,87.62083317092899,76.82083317092899,6.0,2.4,76.82083317092905,76.82083317092895,133.57926269611127,133.57926269611102,133.57926269611124,133.5792626961112,133.57926269611116,133.57926269611121,4.012480729149354,87.620833170929,125.55430123781181,20.06240364574675,78.26693613376706
