e_vGLK,e_vPGI,e_vGLYCO,e_vTreha,e_vPFK,e_vALD,e_vGAPDH,e_vPGK,e_vPGM,e_vENO,e_vPYK,e_vPDC,e_vSUC,e_vGLT,e_vADH,e_vG3PDH,e_vATP,CO2,GLCo,ETOH,GLY,F26BP,P,G6P,TRIO,NAD,ACE,P2G,BPG,GLCi,F6P,PEP,PYR,F16P,P3G,NADH,v_vGLK,v_vPGI,v_vGLYCO,v_vTreha,v_vPFK,v_vALD,v_vGAPDH,v_vPGK,v_vPGM,v_vENO,v_vPYK,v_vPDC,v_vSUC,v_vGLT,v_vADH,v_vG3PDH,v_vATP
1.0,1.0,1.0,1.0,1.0,1.0,1.0,1.0,1.0,1.0,1.0,1.0,1.0,1.0,1.0,1.0,1.0,1.0,50.0,50.0,0.15,0.02,6.3088816377706225,1.0332456136818131,0.7775235367088308,1.5455597670249495,0.1701144516135019,0.04484371111903233,0.00032957388691956085,0.09875869199168992,0.11281281458550198,0.07361684247063682,8.523152463551881,0.6019076395836983,0.35648403785929883,0.0444402329750504,88.14952688218199,77.34952688218199,6.0,2.4,77.34952688218205,77.349526882182,136.4968074417193,136.49680744171908,136.4968074417193,136.4968074417193,136.49680744171926,136.4968074417193,3.6404492645289404,88.149526882182,129.2159089126621,18.20224632264471,84.53276406095888
1.0,1.0,1.0,1.0,1.0,1.0,1.0,1.0,1.0,1.0,1.0,1.0,1.0,1.0,1.0,1.0,1.0,1.0,49.30525225281343,50.0,0.15,0.02,6.3067465639545395,1.031566247274025,0.7770122866966914,1.5455566150400417,0.1700786519203995,0.04478485237588861,0.0003288268495228438,0.09875133247934792,0.11257117333394223,0.07349157349330107,8.514302115390347,0.6011335846734225,0.3560517217286092,0.04444338495995814,88.11844064419333,77.31844064419333,6.0,2.4,77.31844064419332,77.31844064419336,136.4384655329039,136.43846553290393,136.43846553290388,136.4384655329039,136.43846553290388,136.43846553290388,3.6396831510965493,88.11844064419331,129.15909923071047,18.198415755482735,84.48131717303498
1.0,1.0,1.0,1.0,1.0,1.0,1.0,1.0,1.0,1.0,1.0,1.0,1.0,1.0,1.0,1.0,1.0,1.0,50.69474774718656,50.0,0.15,0.02,6.310958659870692,1.0348839304271962,0.7780216175787972,1.5455628348501445,0.17014929849846328,0.044901120842695194,0.00033030310593851783,0.09876587947360566,0.11304858473043146,0.07373908885918602,8.531783647173373,0.6026622230913242,0.3569056519154162,0.04443716514985541,88.17977922238423,77.37977922238422,6.0,2.4,77.37977922238426,77.37977922238422,136.55358350543278,136.55358350543256,136.55358350543284,136.55358350543287,136.55358350543275,136.5535835054328,3.641194987867114,88.1797792223842,129.2711935296994,18.205974939335604,84.58282861462878
