e_vGLK,e_vPGI,e_vGLYCO,e_vTreha,e_vPFK,e_vALD,e_vGAPDH,e_vPGK,e_vPGM,e_vENO,e_vPYK,e_vPDC,e_vSUC,e_vGLT,e_vADH,e_vG3PDH,e_vATP,CO2,GLCo,ETOH,GLY,F26BP,P,G6P,TRIO,NAD,ACE,P2G,BPG,GLCi,F6P,PEP,PYR,F16P,P3G,NADH,v_vGLK,v_vPGI,v_vGLYCO,v_vTreha,v_vPFK,v_vALD,v_vGAPDH,v_vPGK,v_vPGM,v_vENO,v_vPYK,v_vPDC,v_vSUC,v_vGLT,v_vADH,v_vG3PDH,v_vATP
1.0,1.0,1.0,1.0,1.0,1.0,1.0,1.0,1.0,1.0,1.0,1.0,1.0,1.0,1.0,1.0,1.0,1.0,50.0,50.0,0.15,0.02,6.3088816377706225,1.0332456136818131,0.7775235367088308,1.5455597670249495,0.1701144516135019,0.04484371111903233,0.00032957388691956085,0.09875869199168992,0.11281281458550198,0.07361684247063682,8.523152463551881,0.6019076395836983,0.35648403785929883,0.0444402329750504,88.14952688218199,77.34952688218199,6.0,2.4,77.34952688218205,77.349526882182,136.4968074417193,136.49680744171908,136.4968074417193,136.4968074417193,136.49680744171926,136.4968074417193,3.6404492645289404,88.149526882182,129.2159089126621,18.20224632264471,84.53276406095888
1.0,1.0,1.0,1.0,1.0,1.0,1.0,1.0,1.0,1.0,1.0,1.0,1.0,1.0,1.0,1.0,1.0,1.0,48.13620313984253,50.0,0.15,0.02,6.303015954015563,1.0286433713425807,0.7761208009364898,1.5455511113785865,0.17001615034637035,0.04468238493895514,0.00032752775043198113,0.09873854320808204,0.11215069397053465,0.07327364448658368,8.498891334298303,0.5997849992129588,0.35529895409554535,0.044448888621413385,88.06415199383886,77.2641519938389,6.0,2.4,77.26415199383884,77.26415199383888,136.3365759006161,136.33657590061628,136.33657590061605,136.33657590061614,136.3365759006161,136.33657590061608,3.6383456174123254,88.06415199383885,129.05988466579055,18.191728087061616,84.39146534390514
1.0,1.0,1.0,1.0,1.0,1.0,1.0,1.0,1.0,1.0,1.0,1.0,1.0,1.0,1.0,1.0,1.0,1.0,51.86379686015747,50.0,0.15,0.02,6.314329039748108,1.0375521479953542,0.7788313952547258,1.5455678162876592,0.17020588788067234,0.04499459882361898,0.0003314916716755792,0.09877760167975233,0.11343264232784363,0.07393826719295359,8.54583475348993,0.6038900053617112,0.3575920249056793,0.0444321837123407,88.2288934460298,77.42889344602324,6.0,2.4,77.42889344589574,77.4288934460249,136.64575688883264,136.6457568883408,136.64575688884884,136.64575688886293,136.6457568891305,136.6457568913316,3.6424060006463876,88.22889344602822,129.36094488815107,18.212030003236237,84.66410288301
