e_vGLK,e_vPGI,e_vGLYCO,e_vTreha,e_vPFK,e_vALD,e_vGAPDH,e_vPGK,e_vPGM,e_vENO,e_vPYK,e_vPDC,e_vSUC,e_vGLT,e_vADH,e_vG3PDH,e_vATP,CO2,GLCo,ETOH,GLY,F26BP,P,G6P,TRIO,NAD,ACE,P2G,BPG,GLCi,F6P,PEP,PYR,F16P,P3G,NADH,v_vGLK,v_vPGI,v_vGLYCO,v_vTreha,v_vPFK,v_vALD,v_vGAPDH,v_vPGK,v_vPGM,v_vENO,v_vPYK,v_vPDC,v_vSUC,v_vGLT,v_vADH,v_vG3PDH,v_vATP
1.0,1.0,1.0,1.0,1.0,1.0,1.0,1.0,1.0,1.0,1.0,1.0,1.0,1.0,1.0,1.0,1.0,1.0,50.0,50.0,0.15,0.02,6.3088816377706225,1.0332456136818131,0.7775235367088308,1.5455597670249495,0.1701144516135019,0.04484371111903233,0.00032957388691956085,0.09875869199168992,0.11281281458550198,0.07361684247063682,8.523152463551881,0.6019076395836983,0.35648403785929883,0.0444402329750504,88.14952688218199,77.34952688218199,6.0,2.4,77.34952688218205,77.349526882182,136.4968074417193,136.49680744171908,136.4968074417193,136.4968074417193,136.49680744171926,136.4968074417193,3.6404492645289404,88.149526882182,129.2159089126621,18.20224632264471,84.53276406095888
1.0,1.0,1.0,1.0,1.0,1.0,1.0,1.0,1.0,1.0,1.0,1.0,1.0,1.0,1.0,1.0,1.0,1.0,40.34651135558375,50.0,0.15,0.02,6.272694438274773,1.005416435235984,0.768958935383798,1.5455065453338872,0.16951050382110955,0.043866854729115626,0.00031725338305237056,0.09863785050442199,0.10881343858648966,0.07154613004020241,8.376094754023876,0.5890047599343745,0.349301018825006,0.04449345466611265,87.62422879159465,76.82422879159468,6.0,2.4,76.82422879159468,76.82422879159468,135.51083367433063,135.51083367433085,135.51083367433066,135.51083367433057,135.51083367433068,135.5108336743306,3.627524781771744,87.62422879159466,128.25578411078664,18.137623908858707,83.66311063838485
1.0,1.0,1.0,1.0,1.0,1.0,1.0,1.0,1.0,1.0,1.0,1.0,1.0,1.0,1.0,1.0,1.0,1.0,59.65348864441624,50.0,0.15,0.02,6.333436845856123,1.0529102054070405,0.7834589749025745,1.54559613827571,0.1705277458797516,0.045532163247070476,0.00033835558374110296,0.0988454552727078,0.11564500087197774,0.07508677314727008,8.626573321571223,0.6109296514559726,0.3615361844877338,0.044403861724289895,88.5078987351409,77.70789873514092,6.0,2.4,77.70789873514097,77.7078987351409,137.16932866114846,137.1693286611484,137.16932866114848,137.16932866114846,137.1693286611484,137.16932866114843,3.649293761826684,88.50789873514093,129.87074113749506,18.24646880913342,85.12568480470826
