e_vGLK,e_vPGI,e_vGLYCO,e_vTreha,e_vPFK,e_vALD,e_vGAPDH,e_vPGK,e_vPGM,e_vENO,e_vPYK,e_vPDC,e_vSUC,e_vGLT,e_vADH,e_vG3PDH,e_vATP,CO2,GLCo,ETOH,GLY,F26BP,P,G6P,TRIO,NAD,ACE,P2G,BPG,GLCi,F6P,PEP,PYR,F16P,P3G,NADH,v_vGLK,v_vPGI,v_vGLYCO,v_vTreha,v_vPFK,v_vALD,v_vGAPDH,v_vPGK,v_vPGM,v_vENO,v_vPYK,v_vPDC,v_vSUC,v_vGLT,v_vADH,v_vG3PDH,v_vATP
1.0,1.0,1.0,1.0,1.0,1.0,1.0,1.0,1.0,1.0,1.0,1.0,1.0,1.0,1.0,1.0,1.0,1.0,50.0,50.0,0.15,0.02,6.3088816377706225,1.0332456136818131,0.7775235367088308,1.5455597670249495,0.1701144516135019,0.04484371111903233,0.00032957388691956085,0.09875869199168992,0.11281281458550198,0.07361684247063682,8.523152463551881,0.6019076395836983,0.35648403785929883,0.0444402329750504,88.14952688218199,77.34952688218199,6.0,2.4,77.34952688218205,77.349526882182,136.4968074417193,136.49680744171908,136.4968074417193,136.4968074417193,136.49680744171926,136.4968074417193,3.6404492645289404,88.149526882182,129.2159089126621,18.20224632264471,84.53276406095888
1.0,1.0,1.0,1.0,1.0,1.0,1.0,1.0,1.0,1.0,1.0,1.0,1.0,1.0,1.0,1.0,1.0,1.0,43.05252252813431,50.0,0.15,0.02,6.2844594611441025,1.0143182817302638,0.7717203116591541,1.5455238037983883,0.16970621000772243,0.044179687911969114,0.0003211808223831092,0.0986762378261186,0.11009157494910532,0.07220732369562995,8.423228972685555,0.593149906720592,0.3516032168495035,0.044476196201611584,87.7946449240148,76.99464492401475,6.0,2.4,76.99464492401476,76.99464492401475,135.83072537720324,135.8307253772028,135.83072537720315,135.83072537720318,135.83072537720318,135.8307253772032,3.63171289416526,87.79464492401473,128.5672995888726,18.15856447082629,83.9453093297159
1.0,1.0,1.0,1.0,1.0,1.0,1.0,1.0,1.0,1.0,1.0,1.0,1.0,1.0,1.0,1.0,1.0,1.0,56.94747747186568,50.0,0.15,0.02,6.32738749312413,1.0480050516880877,0.7819871067789916,1.5455871565158756,0.17042565618093752,0.045360559364717966,0.0003361591443276189,0.09882371485491859,0.11493808428150014,0.07471957226261915,8.600811651920711,0.6086862910898484,0.3602776578859229,0.04441284348412422,88.41946477373898,77.61946477373903,6.0,2.4,77.619464773739,77.619464773739,137.0033843361177,137.00338433611776,137.00338433611773,137.00338433611768,137.00338433611776,137.0033843361177,3.6471090422720627,88.41946477373901,129.70916625157318,18.235545211360318,84.97940295566913
